rs#	alleles	chrom	pos	strand	assembly#	center	protLSID	assayLSID	panelLSID	QCcode	P2	F1-1	F1-2	F1-3	F1-4	F1-5	F1-6	F1-7	F1-8	F1-9	F1-10	F1-11	F1-12
M1	A/G	1	3417	NA	NA	BrAPI	NA	NA	NA	R	GG	AG	AG	AG	AG	GG	AG	NN	AG	AG	AG	AG	AG
M2	C/T	1	5035	NA	NA	BrAPI	NA	NA	NA	Y	CC	CC	CC	CC	CC	CC	CT	NN	CC	CC	CC	CC	CC
M3	G/G	1	5039	NA	NA	BrAPI	NA	NA	NA	S	GG	NN	GG	GG	NN	GG	GG	NN	GG	GG	GG	GG	GG
M4	G/G	1	5170	NA	NA	BrAPI	NA	NA	NA	R	GG	NN	GG	GG	GG	GG	GG	NN	GG	GG	GG	GG	GG
M5	T/C	1	9233	NA	NA	BrAPI	NA	NA	NA	R	TT	NN	TT	TT	TT	TT	TC	NN	TT	TT	TT	TT	TT
M6	C/C	1	11663	NA	NA	BrAPI	NA	NA	NA	Y	CC	NN	CC	CC	CC	CC	CC	NN	CC	CC	CC	CC	CC
M7	C/C	1	11722	NA	NA	BrAPI	NA	NA	NA	Y	CC	NN	CC	CC	CC	CC	CC	NN	CC	CC	CC	CC	CC
M8	G/G	1	11723	NA	NA	BrAPI	NA	NA	NA	Y	GG	NN	GG	GG	GG	GG	GG	NN	GG	GG	GG	GG	GG
M9	A/G	1	11884	NA	NA	BrAPI	NA	NA	NA	R	AG	NN	AG	AA	AG	AG	AG	NN	AG	AG	AA	AG	AG
M10	A/A	1	11995	NA	NA	BrAPI	NA	NA	NA	R	AA	NN	AA	AA	AA	AA	AA	NN	AA	AA	AA	AA	AA
M11	A/G	1	12017	NA	NA	BrAPI	NA	NA	NA	Y	GG	NN	AG	AG	AG	AG	AG	NN	AG	AG	AG	AG	AG
M12	G/C	1	12228	NA	NA	BrAPI	NA	NA	NA	S	GC	NN	GC	CC	GC	NN	GC	NN	GC	GC	CC	GC	GC
M13	G/T	1	15238	NA	NA	BrAPI	NA	NA	NA	R	GT	NN	GT	GT	GT	GT	GT	NN	GT	GT	GT	GT	GT
M14	G/A	1	17840	NA	NA	BrAPI	NA	NA	NA	R	AA	GA	GA	GA	GA	GA	GA	NN	GA	GA	GA	GA	GA
M15	A/T	1	19837	NA	NA	BrAPI	NA	NA	NA	Y	TT	TT	TT	TT	TT	TT	TT	NN	TT	TT	TT	TT	TT
M16	G/G	1	24635	NA	NA	BrAPI	NA	NA	NA	Y	GG	GG	NN	GG	GG	GG	GG	NN	GG	GG	GG	GG	GG
M17	C/C	1	25860	NA	NA	BrAPI	NA	NA	NA	Y	CC	CC	CC	CC	CC	CC	CC	NN	CC	CC	CC	CC	CC
M18	A/A	1	25863	NA	NA	BrAPI	NA	NA	NA	R	AA	AA	AA	AA	AA	AA	AA	NN	AA	AA	AA	AA	AA
M19	C/C	1	25922	NA	NA	BrAPI	NA	NA	NA	R	CC	CC	CC	CC	CC	CC	CC	CC	CC	CC	CC	CC	CC
M20	T/C	1	25983	NA	NA	BrAPI	NA	NA	NA	Y	CC	CC	CC	CC	CC	CC	CC	CC	CC	CC	CC	CC	CC
